1000	Lausanne	VD	Vaud
1001	Lausanne	VD	Vaud
1002	Lausanne	VD	Vaud
1003	Lausanne	VD	Vaud
1004	Lausanne	VD	Vaud
1005	Lausanne	VD	Vaud
1006	Lausanne	VD	Vaud
1007	Lausanne	VD	Vaud
1008	Jouxtens-Mézery	VD	Vaud
1008	Prilly	VD	Vaud
1009	Pully	VD	Vaud
1010	Lausanne	VD	Vaud
1011	Lausanne	VD	Vaud
1012	Lausanne	VD	Vaud
1015	Lausanne	VD	Vaud
1018	Lausanne	VD	Vaud
1020	Renens	VD	Vaud
1022	Chavannes-près-Renens	VD	Vaud
1023	Crissier	VD	Vaud
1024	Ecublens	VD	Vaud
1025	St-Sulpice	VD	Vaud
1026	Echandens	VD	Vaud
1026	Denges	VD	Vaud
1027	Lonay	VD	Vaud
1028	Préverenges	VD	Vaud
1029	Villars-Ste-Croix	VD	Vaud
1030	Bussigny-près-Lausanne	VD	Vaud
1031	Mex	VD	Vaud
1032	Romanel-sur-Lausanne	VD	Vaud
1033	Cheseaux-sur-Lausanne	VD	Vaud
1034	Boussens	VD	Vaud
1035	Bournens	VD	Vaud
1036	Sullens	VD	Vaud
1037	Etagnières	VD	Vaud
1038	Bercher	VD	Vaud
1039	Cheseaux Polyval	VD	Vaud
1040	Echallens	VD	Vaud
1040	St-Barthélemy	VD	Vaud
1040	Villars-le-Terroir	VD	Vaud
1041	Poliez-le-Grand	VD	Vaud
1041	Bottens	VD	Vaud
1041	Poliez-Pittet	VD	Vaud
1041	Naz	VD	Vaud
1041	Dommartin	VD	Vaud
1041	Montaubion-Chardonney	VD	Vaud
1042	Bioley-Orjulaz	VD	Vaud
1042	Bettens	VD	Vaud
1042	Assens	VD	Vaud
1043	Sugnens	VD	Vaud
1044	Fey	VD	Vaud
1045	Ogens	VD	Vaud
1046	Rueyres	VD	Vaud
1047	Oppens	VD	Vaud
1052	Le Mont-sur-Lausanne	VD	Vaud
1053	Cugy	VD	Vaud
1053	Bretigny-sur-Morrens	VD	Vaud
1054	Morrens	VD	Vaud
1055	Froideville	VD	Vaud
1058	Villars-Tiercelin	VD	Vaud
1059	Peney-le-Jorat	VD	Vaud
1061	Villars-Mendraz	VD	Vaud
1062	Sottens	VD	Vaud
1063	Martherenges	VD	Vaud
1063	Chapelle-sur-Moudon	VD	Vaud
1063	Boulens	VD	Vaud
1063	Peyres-Possens	VD	Vaud
1066	Epalinges	VD	Vaud
1068	Les Monts-de-Pully	VD	Vaud
1070	Puidoux	VD	Vaud
1071	Rivaz	VD	Vaud
1071	St-Saphorin (Lavaux)	VD	Vaud
1071	Chexbres	VD	Vaud
1072	Forel (Lavaux)	VD	Vaud
1073	Savigny	VD	Vaud
1073	Mollie-Margot	VD	Vaud
1076	Ferlens	VD	Vaud
1077	Servion	VD	Vaud
1078	Essertes	VD	Vaud
1080	Les Cullayes	VD	Vaud
1081	Montpreveyres	VD	Vaud
1082	Corcelles-le-Jorat	VD	Vaud
1083	Mézières	VD	Vaud
1084	Carrouge	VD	Vaud
1085	Vulliens	VD	Vaud
1088	Ropraz	VD	Vaud
1090	La Croix (Lutry)	VD	Vaud
1091	Chenaux	VD	Vaud
1091	Grandvaux	VD	Vaud
1091	Aran	VD	Vaud
1092	Belmont-sur-Lausanne	VD	Vaud
1093	La Conversion	VD	Vaud
1094	Paudex	VD	Vaud
1095	Lutry	VD	Vaud
1096	Villette (Lavaux)	VD	Vaud
1096	Cully	VD	Vaud
1097	Riex	VD	Vaud
1098	Epesses	VD	Vaud
1110	Morges	VD	Vaud
1112	Echichens	VD	Vaud
1113	St-Saphorin-sur-Morges	VD	Vaud
1114	Colombier	VD	Vaud
1115	Vullierens	VD	Vaud
1116	Cottens	VD	Vaud
1117	Grancy	VD	Vaud
1121	Bremblens	VD	Vaud
1122	Romanel-sur-Morges	VD	Vaud
1123	Aclens	VD	Vaud
1124	Gollion	VD	Vaud
1125	Monnaz	VD	Vaud
1126	Vaux-sur-Morges	VD	Vaud
1127	Clarmont	VD	Vaud
1128	Reverolle	VD	Vaud
1131	Tolochenaz	VD	Vaud
1132	Lully	VD	Vaud
1134	Vufflens-le-Château	VD	Vaud
1134	Chigny	VD	Vaud
1135	Denens	VD	Vaud
1136	Bussy-Chardonney	VD	Vaud
1141	Sévery	VD	Vaud
1142	Pampigny	VD	Vaud
1143	Apples	VD	Vaud
1144	Ballens	VD	Vaud
1145	Bière	VD	Vaud
1146	Mollens	VD	Vaud
1147	Montricher	VD	Vaud
1148	La Praz	VD	Vaud
1148	Chavannes-le-Veyron	VD	Vaud
1148	Villars-Bozon	VD	Vaud
1148	La Coudre	VD	Vaud
1148	Cuarnens	VD	Vaud
1148	Moiry	VD	Vaud
1148	Mont-la-Ville	VD	Vaud
1148	Mauraz	VD	Vaud
1148	L'Isle	VD	Vaud
1149	Berolle	VD	Vaud
1162	St-Prex	VD	Vaud
1163	Etoy	VD	Vaud
1164	Buchillon	VD	Vaud
1165	Allaman	VD	Vaud
1166	Perroy	VD	Vaud
1167	Lussy-sur-Morges	VD	Vaud
1168	Villars-sous-Yens	VD	Vaud
1169	Yens	VD	Vaud
1170	Aubonne	VD	Vaud
1172	Bougy-Villars	VD	Vaud
1173	Féchy	VD	Vaud
1174	Montherod	VD	Vaud
1174	Pizy	VD	Vaud
1175	Lavigny	VD	Vaud
1176	St-Livres	VD	Vaud
1180	Tartegnin	VD	Vaud
1180	Rolle	VD	Vaud
1182	Gilly	VD	Vaud
1183	Bursins	VD	Vaud
1184	Luins	VD	Vaud
1184	Vinzel	VD	Vaud
1185	Mont-sur-Rolle	VD	Vaud
1186	Essertines-sur-Rolle	VD	Vaud
1187	St-Oyens	VD	Vaud
1188	Gimel	VD	Vaud
1188	St-George	VD	Vaud
1189	Saubraz	VD	Vaud
1195	Bursinel	VD	Vaud
1195	Dully	VD	Vaud
1196	Gland	VD	Vaud
1197	Prangins	VD	Vaud
1200	Genève	GE	Genève
1201	Genève	GE	Genève
1202	Genève	GE	Genève
1203	Genève	GE	Genève
1204	Genève	GE	Genève
1205	Genève	GE	Genève
1206	Genève	GE	Genève
1207	Genève	GE	Genève
1208	Genève	GE	Genève
1209	Genève	GE	Genève
1211	Genève	GE	Genève
1212	Grand-Lancy	GE	Genève
1213	Onex	GE	Genève
1213	Petit-Lancy	GE	Genève
1214	Vernier	GE	Genève
1215	Genève	GE	Genève
1216	Cointrin	GE	Genève
1217	Meyrin	GE	Genève
1218	Le Grand-Saconnex	GE	Genève
1219	Châtelaine	GE	Genève
1219	Le Lignon	GE	Genève
1219	Aïre	GE	Genève
1220	Les Avanchets	GE	Genève
1222	Vésenaz	GE	Genève
1223	Cologny	GE	Genève
1224	Chêne-Bougeries	GE	Genève
1225	Chêne-Bourg	GE	Genève
1226	Thônex	GE	Genève
1227	Les Acacias	GE	Genève
1227	Carouge	GE	Genève
1228	Plan-les-Ouates	GE	Genève
1231	Conches	GE	Genève
1232	Confignon	GE	Genève
1233	Bernex	GE	Genève
1234	Vessy	GE	Genève
1236	Cartigny	GE	Genève
1237	Avully	GE	Genève
1239	Collex	GE	Genève
1240	Genève	GE	Genève
1241	Puplinge	GE	Genève
1242	Satigny	GE	Genève
1243	Presinge	GE	Genève
1244	Choulex	GE	Genève
1245	Collonge-Bellerive	GE	Genève
1246	Corsier	GE	Genève
1247	Anières	GE	Genève
1248	Hermance	GE	Genève
1251	Gy	GE	Genève
1252	Meinier	GE	Genève
1253	Vandoeuvres	GE	Genève
1254	Jussy	GE	Genève
1255	Veyrier	GE	Genève
1256	Troinex	GE	Genève
1257	La Croix-de-Rozon	GE	Genève
1258	Perly	GE	Genève
1260	Nyon	VD	Vaud
1261	Longirod	VD	Vaud
1261	Le Vaud	VD	Vaud
1261	Marchissy	VD	Vaud
1262	Eysins	VD	Vaud
1263	Crassier	VD	Vaud
1264	St-Cergue	VD	Vaud
1265	La Cure	VD	Vaud
1266	Duillier	VD	Vaud
1267	Vich	VD	Vaud
1267	Coinsins	VD	Vaud
1268	Burtigny	VD	Vaud
1268	Begnins	VD	Vaud
1269	Bassins	VD	Vaud
1270	Trélex	VD	Vaud
1271	Givrins	VD	Vaud
1272	Genolier	VD	Vaud
1273	Le Muids	VD	Vaud
1273	Arzier	VD	Vaud
1274	Grens	VD	Vaud
1274	Signy	VD	Vaud
1275	Chéserex	VD	Vaud
1276	Gingins	VD	Vaud
1277	Borex	VD	Vaud
1277	Arnex-sur-Nyon	VD	Vaud
1278	La Rippe	VD	Vaud
1279	Chavannes-de-Bogis	VD	Vaud
1279	Bogis-Bossey	VD	Vaud
1281	Russin	GE	Genève
1283	Dardagny	GE	Genève
1283	La Plaine	GE	Genève
1284	Chancy	GE	Genève
1285	Athenaz (Avusy)	GE	Genève
1286	Soral	GE	Genève
1287	Laconnex	GE	Genève
1288	Aire-la-Ville	GE	Genève
1289	Genève	GE	Genève
1290	Versoix	GE	Genève
1290	Chavannes-des-Bois	VD	Vaud
1291	Commugny	VD	Vaud
1292	Chambésy	GE	Genève
1293	Bellevue	GE	Genève
1294	Genthod	GE	Genève
1295	Mies	VD	Vaud
1295	Tannay	VD	Vaud
1296	Coppet	VD	Vaud
1297	Founex	VD	Vaud
1298	Céligny	GE	Genève
1299	Crans-près-Céligny	VD	Vaud
1300	Eclépens	VD	Vaud
1302	Vufflens-la-Ville	VD	Vaud
1303	Penthaz	VD	Vaud
1304	Dizy	VD	Vaud
1304	Senarclens	VD	Vaud
1304	Allens	VD	Vaud
1304	Cossonay-Ville	VD	Vaud
1305	Penthalaz	VD	Vaud
1306	Daillens	VD	Vaud
1307	Lussery-Villars	VD	Vaud
1308	La Chaux (Cossonay)	VD	Vaud
1310	Daillens	VD	Vaud
1311	Eclépens	VD	Vaud
1312	Eclépens	VD	Vaud
1313	Ferreyres	VD	Vaud
1315	La Sarraz	VD	Vaud
1316	Chevilly	VD	Vaud
1317	Orny	VD	Vaud
1318	Pompaples	VD	Vaud
1320	Daillens	VD	Vaud
1321	Arnex-sur-Orbe	VD	Vaud
1322	Croy	VD	Vaud
1323	Romainmôtier	VD	Vaud
1324	Premier	VD	Vaud
1325	Vaulion	VD	Vaud
1326	Juriens	VD	Vaud
1329	Bretonnières	VD	Vaud
1330	Daillens	VD	Vaud
1337	Vallorbe	VD	Vaud
1338	Ballaigues	VD	Vaud
1341	Orient	VD	Vaud
1342	Le Pont	VD	Vaud
1343	Les Charbonnières	VD	Vaud
1344	L'Abbaye	VD	Vaud
1345	Le Lieu	VD	Vaud
1346	Les Bioux	VD	Vaud
1347	Le Sentier	VD	Vaud
1347	Le Solliat	VD	Vaud
1348	Le Brassus	VD	Vaud
1350	Orbe	VD	Vaud
1352	Agiez	VD	Vaud
1353	Bofflens	VD	Vaud
1354	Montcherand	VD	Vaud
1355	Sergey	VD	Vaud
1355	L'Abergement	VD	Vaud
1356	La Russille	VD	Vaud
1356	Les Clées	VD	Vaud
1357	Lignerolle	VD	Vaud
1358	Valeyres-sous-Rances	VD	Vaud
1372	Bavois	VD	Vaud
1373	Chavornay	VD	Vaud
1374	Corcelles-sur-Chavornay	VD	Vaud
1375	Penthéréaz	VD	Vaud
1376	Eclagnens	VD	Vaud
1376	Goumoens-la-Ville	VD	Vaud
1376	Goumoens-le-Jux	VD	Vaud
1377	Oulens-sous-Echallens	VD	Vaud
1400	Yverdon-les-Bains	VD	Vaud
1400	Cheseaux-Noréaz	VD	Vaud
1401	Yverdon-les-Bains	VD	Vaud
1404	Cuarny	VD	Vaud
1404	Villars-Epeney	VD	Vaud
1405	Pomy	VD	Vaud
1406	Cronay	VD	Vaud
1407	Donneloye	VD	Vaud
1407	Gossens	VD	Vaud
1407	Mézery-près-Donneloye	VD	Vaud
1407	Bioley-Magnoux	VD	Vaud
1408	Prahins	VD	Vaud
1409	Chanéaz	VD	Vaud
1410	Prévondavaux	FR	Fribourg
1410	Thierrens	VD	Vaud
1410	St-Cierges	VD	Vaud
1410	Correvon	VD	Vaud
1410	Denezy	VD	Vaud
1412	Ursins	VD	Vaud
1412	Valeyres-sous-Ursins	VD	Vaud
1413	Orzens	VD	Vaud
1415	Molondin	VD	Vaud
1415	Démoret	VD	Vaud
1416	Pailly	VD	Vaud
1417	Epautheyres	VD	Vaud
1417	Essertines-sur-Yverdon	VD	Vaud
1418	Vuarrens	VD	Vaud
1420	Fiez	VD	Vaud
1421	Grandevent	VD	Vaud
1421	Fontaines-sur-Grandson	VD	Vaud
1422	Grandson	VD	Vaud
1423	Vaugondry	VD	Vaud
1423	Fontanezier	VD	Vaud
1423	Romairon	VD	Vaud
1423	Villars-Burquin	VD	Vaud
1424	Champagne	VD	Vaud
1425	Onnens	VD	Vaud
1426	Concise	VD	Vaud
1426	Corcelles-près-Concise	VD	Vaud
1427	Bonvillars	VD	Vaud
1428	Provence	VD	Vaud
1428	Mutrux	VD	Vaud
1429	Giez	VD	Vaud
1430	Orges	VD	Vaud
1431	Novalles	VD	Vaud
1431	Vugelles-La Mothe	VD	Vaud
1432	Gressy	VD	Vaud
1432	Belmont-sur-Yverdon	VD	Vaud
1433	Suchy	VD	Vaud
1434	Ependes	VD	Vaud
1435	Essert-Pittet	VD	Vaud
1436	Treycovagnes	VD	Vaud
1436	Chamblon	VD	Vaud
1437	Suscévaz	VD	Vaud
1438	Mathod	VD	Vaud
1439	Rances	VD	Vaud
1440	Montagny-Chamard	VD	Vaud
1441	Valeyres-sous-Montagny	VD	Vaud
1442	Montagny-près-Yverdon	VD	Vaud
1443	Essert-sous-Champvent	VD	Vaud
1443	Champvent	VD	Vaud
1443	Villars-sous-Champvent	VD	Vaud
1445	Vuiteboeuf	VD	Vaud
1446	Baulmes	VD	Vaud
1450	Le Château-de-Ste-Croix	VD	Vaud
1450	La Sagne (Ste-Croix)	VD	Vaud
1450	Ste-Croix	VD	Vaud
1452	Les Rasses	VD	Vaud
1453	Mauborget	VD	Vaud
1453	Bullet	VD	Vaud
1454	L'Auberson	VD	Vaud
1454	La Vraconnaz	VD	Vaud
1462	Yvonand	VD	Vaud
1463	Rovray	VD	Vaud
1464	Chavannes-le-Chêne	VD	Vaud
1464	Chêne-Pâquier	VD	Vaud
1468	Cheyres	FR	Fribourg
1470	Seiry	FR	Fribourg
1470	Bollion	FR	Fribourg
1470	Lully	FR	Fribourg
1470	Estavayer-le-Lac	FR	Fribourg
1473	Font	FR	Fribourg
1473	Châtillon	FR	Fribourg
1474	Châbles	FR	Fribourg
1475	Autavaux	FR	Fribourg
1475	Montbrelloz	FR	Fribourg
1475	Forel	FR	Fribourg
1482	Cugy	FR	Fribourg
1483	Frasses	FR	Fribourg
1483	Montet (Broye)	FR	Fribourg
1483	Vesin	FR	Fribourg
1484	Granges-de-Vesin	FR	Fribourg
1484	Aumont	FR	Fribourg
1485	Nuvilly	FR	Fribourg
1486	Vuissens	FR	Fribourg
1489	Murist	FR	Fribourg
1509	Vucherens	VD	Vaud
1510	Syens	VD	Vaud
1510	Moudon	VD	Vaud
1512	Chavannes-sur-Moudon	VD	Vaud
1513	Hermenches	VD	Vaud
1513	Rossenges	VD	Vaud
1514	Bussy-sur-Moudon	VD	Vaud
1515	Villars-le-Comte	VD	Vaud
1515	Neyruz-sur-Moudon	VD	Vaud
1521	Curtilles	VD	Vaud
1522	Oulens-sur-Lucens	VD	Vaud
1522	Lucens	VD	Vaud
1523	Granges-près-Marnand	VD	Vaud
1524	Marnand	VD	Vaud
1525	Seigneux	VD	Vaud
1525	Henniez	VD	Vaud
1526	Forel-sur-Lucens	VD	Vaud
1526	Cremin	VD	Vaud
1527	Villeneuve	FR	Fribourg
1528	Surpierre	FR	Fribourg
1528	Praratoud	FR	Fribourg
1529	Cheiry	FR	Fribourg
1530	Payerne	VD	Vaud
1532	Fétigny	FR	Fribourg
1533	Ménières	FR	Fribourg
1534	Chapelle (Broye)	FR	Fribourg
1534	Sassel	VD	Vaud
1535	Combremont-le-Grand	VD	Vaud
1536	Combremont-le-Petit	VD	Vaud
1537	Champtauroz	VD	Vaud
1538	Treytorrens (Payerne)	VD	Vaud
1541	Sévaz	FR	Fribourg
1541	Morens	FR	Fribourg
1541	Bussy	FR	Fribourg
1542	Rueyres-les-Prés	FR	Fribourg
1543	Grandcour	VD	Vaud
1544	Gletterens	FR	Fribourg
1545	Chevroux	VD	Vaud
1551	Vers-chez-Perrin	VD	Vaud
1552	Trey	VD	Vaud
1553	Châtonnaye	FR	Fribourg
1554	Sédeilles	VD	Vaud
1554	Rossens	VD	Vaud
1555	Villarzel	VD	Vaud
1562	Corcelles-près-Payerne	VD	Vaud
1563	Dompierre	FR	Fribourg
1564	Domdidier	FR	Fribourg
1565	Vallon	FR	Fribourg
1565	Missy	VD	Vaud
1566	St-Aubin	FR	Fribourg
1566	Les Friques	FR	Fribourg
1567	Delley	FR	Fribourg
1568	Portalban	FR	Fribourg
1580	Avenches	VD	Vaud
1580	Oleyres	VD	Vaud
1582	Donatyre	VD	Vaud
1583	Villarepos	FR	Fribourg
1584	Villars-le-Grand	VD	Vaud
1585	Salavaux	VD	Vaud
1585	Cotterd	VD	Vaud
1585	Bellerive	VD	Vaud
1586	Vallamand	VD	Vaud
1587	Constantine	VD	Vaud
1587	Montmagny	VD	Vaud
1588	Cudrefin	VD	Vaud
1589	Chabrey	VD	Vaud
1595	Clavaleyres	BE	Berne
1595	Faoug	VD	Vaud
1607	Les Tavernes	VD	Vaud
1607	Palézieux-Village	VD	Vaud
1607	Les Thioleyres	VD	Vaud
1607	Palézieux	VD	Vaud
1608	Chapelle (Glâne)	FR	Fribourg
1608	Bussigny-sur-Oron	VD	Vaud
1608	Chesalles-sur-Oron	VD	Vaud
1608	Oron-le-Châtel	VD	Vaud
1609	Besencens	FR	Fribourg
1609	Fiaugères	FR	Fribourg
1609	St-Martin	FR	Fribourg
1609	Fiaugères	FR	Fribourg
1610	Vuibroye	VD	Vaud
1610	Châtillens	VD	Vaud
1610	Oron-la-Ville	VD	Vaud
1611	Le Crêt-près-Semsales	FR	Fribourg
1612	Ecoteaux	VD	Vaud
1613	Maracon	VD	Vaud
1614	Granges (Veveyse)	FR	Fribourg
1615	Bossonnens	FR	Fribourg
1616	Attalens	FR	Fribourg
1617	Remaufens	FR	Fribourg
1617	Tatroz	FR	Fribourg
1618	Châtel-St-Denis	FR	Fribourg
1619	Les Paccots	FR	Fribourg
1623	Semsales	FR	Fribourg
1624	Grattavache	FR	Fribourg
1624	La Verrerie	FR	Fribourg
1624	Progens	FR	Fribourg
1625	Sâles (Gruyère)	FR	Fribourg
1625	Maules	FR	Fribourg
1626	Romanens	FR	Fribourg
1626	Treyfayes	FR	Fribourg
1626	Rueyres-Treyfayes	FR	Fribourg
1627	Vaulruz	FR	Fribourg
1628	Vuadens	FR	Fribourg
1630	Bulle	FR	Fribourg
1631	Bulle	FR	Fribourg
1632	Riaz	FR	Fribourg
1633	Vuippens	FR	Fribourg
1633	Marsens	FR	Fribourg
1634	La Roche	FR	Fribourg
1635	La Tour-de-Trême	FR	Fribourg
1636	Broc	FR	Fribourg
1637	Charmey (Gruyère)	FR	Fribourg
1638	Morlon	FR	Fribourg
1642	Sorens	FR	Fribourg
1643	Gumefens	FR	Fribourg
1644	Avry-devant-Pont	FR	Fribourg
1645	Le Bry	FR	Fribourg
1646	Echarlens	FR	Fribourg
1647	Corbières	FR	Fribourg
1648	Hauteville	FR	Fribourg
1649	Pont-la-Ville	FR	Fribourg
1651	Villarvolard	FR	Fribourg
1652	Villarbeney	FR	Fribourg
1652	Botterens	FR	Fribourg
1653	Châtel-sur-Montsalvens	FR	Fribourg
1653	Crésuz	FR	Fribourg
1654	Cerniat	FR	Fribourg
1656	Jaun	FR	Fribourg
1656	Im Fang	FR	Fribourg
1657	Abländschen	BE	Berne
1658	La Tine	VD	Vaud
1658	Rossinière	VD	Vaud
1659	Flendruz	VD	Vaud
1659	Rougemont	VD	Vaud
1660	La Lécherette	VD	Vaud
1660	Château-d'Oex	VD	Vaud
1660	Les Moulins	VD	Vaud
1660	L'Etivaz	VD	Vaud
1661	Le Pâquier-Montbarry	FR	Fribourg
1663	Moléson-sur-Gruyères	FR	Fribourg
1663	Epagny	FR	Fribourg
1663	Pringy	FR	Fribourg
1663	Gruyères	FR	Fribourg
1665	Estavannens	FR	Fribourg
1666	Villars-sous-Mont	FR	Fribourg
1666	Grandvillard	FR	Fribourg
1667	Enney	FR	Fribourg
1669	Albeuve	FR	Fribourg
1669	Neirivue	FR	Fribourg
1669	Les Sciernes-d'Albeuve	FR	Fribourg
1669	Montbovon	FR	Fribourg
1669	Lessoc	FR	Fribourg
1670	Ursy	FR	Fribourg
1670	Bionnens	FR	Fribourg
1670	Esmonts	FR	Fribourg
1673	Rue	FR	Fribourg
1673	Promasens	FR	Fribourg
1673	Auboranges	FR	Fribourg
1673	Gillarens	FR	Fribourg
1673	Ecublens	FR	Fribourg
1674	Montet (Glâne)	FR	Fribourg
1674	Morlens	FR	Fribourg
1674	Vuarmarens	FR	Fribourg
1675	Mossel	FR	Fribourg
1675	Blessens	FR	Fribourg
1675	Vauderens	FR	Fribourg
1676	Chavannes-les-Forts	FR	Fribourg
1677	Prez-vers-Siviriez	FR	Fribourg
1678	Siviriez	FR	Fribourg
1679	Villaraboud	FR	Fribourg
1680	Romont	FR	Fribourg
1680	Berlens	FR	Fribourg
1681	Billens	FR	Fribourg
1681	Hennens	FR	Fribourg
1682	Prévonloup	VD	Vaud
1682	Dompierre VD	VD	Vaud
1682	Lovatens	VD	Vaud
1682	Villars-Bramard	VD	Vaud
1682	Cerniaz VD	VD	Vaud
1683	Brenles	VD	Vaud
1683	Sarzens	VD	Vaud
1683	Chesalles-sur-Moudon	VD	Vaud
1684	Mézières	FR	Fribourg
1685	Villariaz	FR	Fribourg
1686	Grangettes-près-Romont	FR	Fribourg
1686	La Neirigue	FR	Fribourg
1687	Vuisternens-devant-Romont	FR	Fribourg
1687	Estévenens	FR	Fribourg
1687	La Magne	FR	Fribourg
1688	Lieffrens	FR	Fribourg
1688	Sommentier	FR	Fribourg
1689	Le Châtelard-près-Romont	FR	Fribourg
1690	Lussy	FR	Fribourg
1690	Villaz-St-Pierre	FR	Fribourg
1691	Villarimboud	FR	Fribourg
1692	Massonnens	FR	Fribourg
1694	Villargiroud	FR	Fribourg
1694	Orsonnens	FR	Fribourg
1694	Chavannes-sous-Orsonnens	FR	Fribourg
1694	Villarsiviriaux	FR	Fribourg
1695	Villarsel-le-Gibloux	FR	Fribourg
1695	Villarlod	FR	Fribourg
1695	Estavayer-le-Gibloux	FR	Fribourg
1695	Rueyres-St-Laurent	FR	Fribourg
1696	Vuisternens-en-Ogoz	FR	Fribourg
1697	La Joux	FR	Fribourg
1697	Les Ecasseys	FR	Fribourg
1699	Pont (Veveyse)	FR	Fribourg
1699	Bouloz	FR	Fribourg
1699	Porsel	FR	Fribourg
1700	Fribourg	FR	Fribourg
1701	Fribourg	FR	Fribourg
1702	Fribourg	FR	Fribourg
1704	Fribourg	FR	Fribourg
1705	Fribourg	FR	Fribourg
1707	Fribourg	FR	Fribourg
1708	Fribourg	FR	Fribourg
1709	Fribourg	FR	Fribourg
1712	Tafers	FR	Fribourg
1713	St. Antoni	FR	Fribourg
1714	Heitenried	FR	Fribourg
1715	Alterswil	FR	Fribourg
1716	Schwarzsee	FR	Fribourg
1716	Plaffeien	FR	Fribourg
1716	Oberschrot	FR	Fribourg
1717	St. Ursen	FR	Fribourg
1718	Rechthalten	FR	Fribourg
1719	Brünisried	FR	Fribourg
1719	Zumholz	FR	Fribourg
1720	Corminboeuf	FR	Fribourg
1720	Chésopelloz	FR	Fribourg
1721	Courtion	FR	Fribourg
1721	Cormérod	FR	Fribourg
1721	Misery	FR	Fribourg
1722	Bourguillon	FR	Fribourg
1723	Marly	FR	Fribourg
1723	Pierrafortscha	FR	Fribourg
1723	Villarsel-sur-Marly	FR	Fribourg
1724	Senèdes	FR	Fribourg
1724	Zénauva	FR	Fribourg
1724	Montévraz	FR	Fribourg
1724	Bonnefontaine	FR	Fribourg
1724	Le Mouret	FR	Fribourg
1724	Oberried	FR	Fribourg
1724	Essert	FR	Fribourg
1724	Ferpicloz	FR	Fribourg
1725	Posieux	FR	Fribourg
1726	Grenilles	FR	Fribourg
1726	Farvagny-le-Petit	FR	Fribourg
1726	Posat	FR	Fribourg
1726	Farvagny	FR	Fribourg
1727	Magnedens	FR	Fribourg
1727	Corpataux-Magnedens	FR	Fribourg
1728	Rossens	FR	Fribourg
1730	Ecuvillens	FR	Fribourg
1731	Ependes	FR	Fribourg
1732	Arconciel	FR	Fribourg
1733	Treyvaux	FR	Fribourg
1734	Tentlingen	FR	Fribourg
1735	Giffers	FR	Fribourg
1736	St. Silvester	FR	Fribourg
1737	Plasselb	FR	Fribourg
1738	Sangernboden	BE	Berne
1740	Neyruz	FR	Fribourg
1741	Cottens	FR	Fribourg
1742	Autigny	FR	Fribourg
1744	Chénens	FR	Fribourg
1745	Lentigny	FR	Fribourg
1746	Prez-vers-Noréaz	FR	Fribourg
1747	Corserey	FR	Fribourg
1748	Torny-le-Grand	FR	Fribourg
1749	Middes	FR	Fribourg
1752	Villars-sur-Glâne	FR	Fribourg
1753	Matran	FR	Fribourg
1754	Rosé	FR	Fribourg
1754	Avry-sur-Matran	FR	Fribourg
1754	Avry-Centre FR	FR	Fribourg
1754	Corjolens	FR	Fribourg
1756	Onnens	FR	Fribourg
1756	Lovens	FR	Fribourg
1757	Noréaz	FR	Fribourg
1762	Givisiez	FR	Fribourg
1763	Granges-Paccot	FR	Fribourg
1772	Ponthaux	FR	Fribourg
1772	Grolley	FR	Fribourg
1772	Nierlet-les-Bois	FR	Fribourg
1773	Russy	FR	Fribourg
1773	Chandon	FR	Fribourg
1773	Léchelles	FR	Fribourg
1774	Cousset	FR	Fribourg
1774	Montagny-les-Monts	FR	Fribourg
1775	Mannens	FR	Fribourg
1775	Grandsivaz	FR	Fribourg
1776	Montagny-la-Ville	FR	Fribourg
1782	La Corbaz	FR	Fribourg
1782	Lossy	FR	Fribourg
1782	Belfaux	FR	Fribourg
1782	Autafond	FR	Fribourg
1782	Cormagens	FR	Fribourg
1782	Formangueires	FR	Fribourg
1783	Barberêche	FR	Fribourg
1783	Pensier	FR	Fribourg
1784	Courtepin	FR	Fribourg
1784	Wallenried	FR	Fribourg
1784	Cournillens	FR	Fribourg
1785	Cressier	FR	Fribourg
1786	Sugiez	FR	Fribourg
1787	Môtier (Vully)	FR	Fribourg
1787	Mur (Vully)	FR	Fribourg
1788	Praz (Vully)	FR	Fribourg
1789	Lugnorre	FR	Fribourg
1791	Courtaman	FR	Fribourg
1792	Guschelmuth	FR	Fribourg
1792	Cordast	FR	Fribourg
1793	Jeuss	FR	Fribourg
1794	Salvenach	FR	Fribourg
1795	Courlevon	FR	Fribourg
1796	Courgevaux	FR	Fribourg
1797	Münchenwiler	BE	Berne
1800	Vevey	VD	Vaud
1801	Le Mont-Pèlerin	VD	Vaud
1802	Corseaux	VD	Vaud
1803	Chardonne	VD	Vaud
1804	Corsier-sur-Vevey	VD	Vaud
1805	Jongny	VD	Vaud
1806	St-Légier-La Chiésaz	VD	Vaud
1807	Blonay	VD	Vaud
1808	Les Monts-de-Corsier	VD	Vaud
1809	Fenil-sur-Corsier	VD	Vaud
1814	La Tour-de-Peilz	VD	Vaud
1815	Clarens	VD	Vaud
1816	Chailly-Montreux	VD	Vaud
1817	Brent	VD	Vaud
1820	Territet	VD	Vaud
1820	Veytaux	VD	Vaud
1820	Montreux	VD	Vaud
1822	Chernex	VD	Vaud
1823	Glion	VD	Vaud
1824	Caux	VD	Vaud
1832	Villard-sur-Chamby	VD	Vaud
1832	Chamby	VD	Vaud
1833	Les Avants	VD	Vaud
1844	Villeneuve	VD	Vaud
1845	Noville	VD	Vaud
1846	Chessel	VD	Vaud
1847	Rennaz	VD	Vaud
1852	Roche	VD	Vaud
1853	Yvorne	VD	Vaud
1854	Leysin	VD	Vaud
1856	Corbeyrier	VD	Vaud
1860	Aigle	VD	Vaud
1862	La Comballaz	VD	Vaud
1862	Les Mosses	VD	Vaud
1863	Le Sépey	VD	Vaud
1864	Vers-l'Eglise	VD	Vaud
1865	Les Diablerets	VD	Vaud
1866	La Forclaz	VD	Vaud
1867	St-Triphon	VD	Vaud
1867	Panex	VD	Vaud
1867	Ollon	VD	Vaud
1868	Collombey	VS	Valais
1869	Massongex	VS	Valais
1870	Monthey	VS	Valais
1871	Les Giettes	VS	Valais
1871	Choëx	VS	Valais
1872	Troistorrents	VS	Valais
1873	Val-d'Illiez	VS	Valais
1873	Les Crosets	VS	Valais
1873	Champoussin	VS	Valais
1874	Champéry	VS	Valais
1875	Morgins	VS	Valais
1880	Frenières-sur-Bex	VD	Vaud
1880	Fenalet-sur-Bex	VD	Vaud
1880	Les Plans-sur-Bex	VD	Vaud
1880	Les Posses-sur-Bex	VD	Vaud
1880	Bex	VD	Vaud
1882	Gryon	VD	Vaud
1882	Les Posses-sur-Bex	VD	Vaud
1884	Villars-sur-Ollon	VD	Vaud
1884	Arveyes	VD	Vaud
1884	Huémoz	VD	Vaud
1885	Chesières	VD	Vaud
1890	Mex	VS	Valais
1890	St-Maurice	VS	Valais
1891	Vérossaz	VS	Valais
1892	Morcles	VD	Vaud
1892	Lavey-les-Bains	VD	Vaud
1892	Lavey-Village	VD	Vaud
1893	Muraz (Collombey)	VS	Valais
1895	Vionnaz	VS	Valais
1896	Miex	VS	Valais
1896	Vouvry	VS	Valais
1897	Les Evouettes	VS	Valais
1897	Bouveret	VS	Valais
1898	St-Gingolph	VS	Valais
1899	Torgon	VS	Valais
1902	Evionnaz	VS	Valais
1903	Collonges	VS	Valais
1904	Vernayaz	VS	Valais
1905	Dorénaz	VS	Valais
1906	Charrat	VS	Valais
1907	Saxon	VS	Valais
1908	Riddes	VS	Valais
1911	Mayens-de-Chamoson	VS	Valais
1911	Ovronnaz	VS	Valais
1912	Leytron	VS	Valais
1912	Dugny (Leytron)	VS	Valais
1912	Montagnon (Leytron)	VS	Valais
1912	Produit (Leytron)	VS	Valais
1913	Saillon	VS	Valais
1914	Isérables	VS	Valais
1914	Auddes-sur-Riddes	VS	Valais
1918	La Tzoumaz	VS	Valais
1920	Martigny	VS	Valais
1921	Martigny-Croix	VS	Valais
1922	Les Granges (Salvan)	VS	Valais
1922	Salvan	VS	Valais
1923	Les Marécottes	VS	Valais
1923	Le Trétien	VS	Valais
1925	Le Châtelard	VS	Valais
1925	Finhaut	VS	Valais
1926	Fully	VS	Valais
1927	Chemin	VS	Valais
1928	Ravoire	VS	Valais
1929	Trient	VS	Valais
1932	Les Valettes (Bovernier)	VS	Valais
1932	Martigny-Croix	VS	Valais
1933	Chamoille (Sembrancher)	VS	Valais
1933	La Garde (Sembrancher)	VS	Valais
1933	Vens (Sembrancher)	VS	Valais
1933	Sembrancher	VS	Valais
1934	Fontenelle (Le Châble)	VS	Valais
1934	Le Châble	VS	Valais
1934	Bruson	VS	Valais
1934	Montagnier (Le Châble)	VS	Valais
1934	Villette (Le Châble)	VS	Valais
1934	Cotterg (Le Châble)	VS	Valais
1936	Verbier	VS	Valais
1937	Orsières	VS	Valais
1938	Champex-Lac	VS	Valais
1941	Vollèges	VS	Valais
1941	Cries (Vollèges)	VS	Valais
1942	Levron	VS	Valais
1943	Praz-de-Fort	VS	Valais
1944	La Fouly	VS	Valais
1945	Rive Haute (Liddes)	VS	Valais
1945	Palasuit (Liddes)	VS	Valais
1945	Dranse (Liddes)	VS	Valais
1945	Les Moulins (Liddes)	VS	Valais
1945	Liddes	VS	Valais
1945	Vichères (Liddes)	VS	Valais
1945	Fontaine Dessous (Liddes)	VS	Valais
1945	Fontaine Dessus (Liddes)	VS	Valais
1945	Chez Petit (Liddes)	VS	Valais
1945	Petit Vichères (Liddes)	VS	Valais
1945	Fornex (Liddes)	VS	Valais
1945	Chandonne (Liddes)	VS	Valais
1946	Bourg-St-Pierre	VS	Valais
1947	Les Places (Versegères)	VS	Valais
1947	Versegères	VS	Valais
1947	Prarreyer (Versegères)	VS	Valais
1947	Le Fregnoley (Versegères)	VS	Valais
1947	La Montoz (Versegères)	VS	Valais
1947	Champsec (Versegères)	VS	Valais
1948	Le Planchamp (Lourtier)	VS	Valais
1948	Le Morgnes (Lourtier)	VS	Valais
1948	Fionnay	VS	Valais
1948	Lourtier	VS	Valais
1948	Sarreyer	VS	Valais
1950	Sion	VS	Valais
1951	Sion	VS	Valais
1955	Némiaz (Chamoson)	VS	Valais
1955	Grugnay (Chamoson)	VS	Valais
1955	St-Pierre-de-Clages	VS	Valais
1955	Les Vérines (Chamoson)	VS	Valais
1955	Chamoson	VS	Valais
1957	Ardon	VS	Valais
1958	St-Léonard	VS	Valais
1958	Uvrier	VS	Valais
1961	Vernamiège	VS	Valais
1962	Pont-de-la-Morge (Sion)	VS	Valais
1963	Vétroz	VS	Valais
1964	Conthey	VS	Valais
1965	Savièse	VS	Valais
1965	Roumaz (Savièse)	VS	Valais
1965	Drône	VS	Valais
1965	Mayens-de-la-Zour (Savièse)	VS	Valais
1965	St-Germain (Savièse)	VS	Valais
1965	Chandolin-près-Savièse	VS	Valais
1965	Monteiller-Savièse	VS	Valais
1965	Granois (Savièse)	VS	Valais
1965	Ormône (Savièse)	VS	Valais
1966	St-Romain (Ayent)	VS	Valais
1966	Blignou (Ayent)	VS	Valais
1966	Villa (Ayent)	VS	Valais
1966	Argnou (Ayent)	VS	Valais
1966	Signèse (Ayent)	VS	Valais
1966	La Place (Ayent)	VS	Valais
1966	Botyre (Ayent)	VS	Valais
1966	Saxonne (Ayent)	VS	Valais
1966	Luc (Ayent)	VS	Valais
1966	Fortunau (Ayent)	VS	Valais
1967	Bramois	VS	Valais
1968	Mase	VS	Valais
1969	Eison (St.Martin)	VS	Valais
1969	St-Martin	VS	Valais
1969	Suen (St-Martin)	VS	Valais
1969	Liez (St-Martin)	VS	Valais
1969	Trogne (St-Martin)	VS	Valais
1971	Grimisuat	VS	Valais
1971	Champlan (Grimisuat)	VS	Valais
1972	Anzère	VS	Valais
1973	Nax	VS	Valais
1974	Arbaz	VS	Valais
1975	St-Séverin	VS	Valais
1976	Daillon	VS	Valais
1976	Aven	VS	Valais
1976	Erde	VS	Valais
1977	Icogne	VS	Valais
1978	Lens	VS	Valais
1981	Vex	VS	Valais
1982	Euseigne	VS	Valais
1983	Lana (Evolène)	VS	Valais
1983	Evolène	VS	Valais
1984	Les Haudères	VS	Valais
1984	La Tour	VS	Valais
1985	La Forclaz	VS	Valais
1985	La Sage	VS	Valais
1985	Villaz	VS	Valais
1986	Arolla	VS	Valais
1987	Hérémence	VS	Valais
1988	Les Collons	VS	Valais
1988	Thyon	VS	Valais
1991	Turin (Salins)	VS	Valais
1991	Arvillard (Salins)	VS	Valais
1991	Pravidondaz (Salins)	VS	Valais
1991	Misériez (Salins)	VS	Valais
1991	Salins	VS	Valais
1992	Crête-à-l'Oeil (Les Agettes)	VS	Valais
1992	Les Mayens-de-Sion	VS	Valais
1992	La Vernaz (Les Agettes)	VS	Valais
1992	Les Agettes	VS	Valais
1993	Clèbes (Nendaz)	VS	Valais
1993	Veysonnaz	VS	Valais
1994	Aproz (Nendaz)	VS	Valais
1996	Condémines (Nendaz)	VS	Valais
1996	Brignon (Nendaz)	VS	Valais
1996	Fey (Nendaz)	VS	Valais
1996	Bieudron (Nendaz)	VS	Valais
1996	Basse-Nendaz	VS	Valais
1996	Baar (Nendaz)	VS	Valais
1996	Beuson (Nendaz)	VS	Valais
1996	Saclentse	VS	Valais
1997	Siviez (Nendaz)	VS	Valais
1997	Haute-Nendaz	VS	Valais
1997	Sornard (Nendaz)	VS	Valais
2000	Neuchâtel	NE	Neuchâtel
2001	Neuchâtel 1	NE	Neuchâtel
2002	Neuchâtel 2	NE	Neuchâtel
2003	Neuchâtel 3	NE	Neuchâtel
2004	Neuchâtel 4	NE	Neuchâtel
2006	Neuchâtel 6	NE	Neuchâtel
2007	Neuchâtel 7	NE	Neuchâtel
2008	Neuchâtel	NE	Neuchâtel
2009	Neuchâtel 9	NE	Neuchâtel
2010	Neuchâtel	NE	Neuchâtel
2012	Auvernier	NE	Neuchâtel
2013	Colombier	NE	Neuchâtel
2014	Bôle	NE	Neuchâtel
2015	Areuse	NE	Neuchâtel
2016	Cortaillod	NE	Neuchâtel
2017	Boudry	NE	Neuchâtel
2019	Chambrelien	NE	Neuchâtel
2019	Rochefort	NE	Neuchâtel
2022	Bevaix	NE	Neuchâtel
2023	Gorgier	NE	Neuchâtel
2024	St-Aubin-Sauges	NE	Neuchâtel
2025	Chez-le-Bart	NE	Neuchâtel
2027	Montalchez	NE	Neuchâtel
2027	Fresens	NE	Neuchâtel
2028	Vaumarcus	NE	Neuchâtel
2034	Peseux	NE	Neuchâtel
2035	Corcelles	NE	Neuchâtel
2036	Cormondrèche	NE	Neuchâtel
2037	Montezillon	NE	Neuchâtel
2037	Montmollin	NE	Neuchâtel
2042	Valangin	NE	Neuchâtel
2043	Boudevilliers	NE	Neuchâtel
2046	Fontaines	NE	Neuchâtel
2052	Fontainemelon	NE	Neuchâtel
2052	La Vue-des-Alpes	NE	Neuchâtel
2053	Cernier	NE	Neuchâtel
2054	Les Vieux-Prés	NE	Neuchâtel
2054	Chézard-St-Martin	NE	Neuchâtel
2056	Dombresson	NE	Neuchâtel
2057	Villiers	NE	Neuchâtel
2058	Le Pâquier	NE	Neuchâtel
2063	Vilars	NE	Neuchâtel
2063	Saules	NE	Neuchâtel
2063	Fenin	NE	Neuchâtel
2063	Engollon	NE	Neuchâtel
2065	Savagnier	NE	Neuchâtel
2067	Chaumont	NE	Neuchâtel
2068	Hauterive	NE	Neuchâtel
2072	St-Blaise	NE	Neuchâtel
2073	Enges	NE	Neuchâtel
2074	Marin-Epagnier	NE	Neuchâtel
2075	Wavre	NE	Neuchâtel
2075	Thielle	NE	Neuchâtel
2087	Cornaux	NE	Neuchâtel
2088	Cressier	NE	Neuchâtel
2103	Noiraigue	NE	Neuchâtel
2105	Travers	NE	Neuchâtel
2108	Couvet	NE	Neuchâtel
2112	Môtiers	NE	Neuchâtel
2113	Boveresse	NE	Neuchâtel
2114	Fleurier	NE	Neuchâtel
2115	Buttes	NE	Neuchâtel
2116	Mont-de-Buttes	NE	Neuchâtel
2117	La Côte-aux-Fées	NE	Neuchâtel
2123	St-Sulpice	NE	Neuchâtel
2124	Les Sagnettes	NE	Neuchâtel
2126	Les Verrières	NE	Neuchâtel
2127	Les Bayards	NE	Neuchâtel
2149	Fretereules	NE	Neuchâtel
2149	Champ-du-Moulin	NE	Neuchâtel
2149	Brot-Dessous	NE	Neuchâtel
2206	Les Geneveys-sur-Coffrane	NE	Neuchâtel
2207	Coffrane	NE	Neuchâtel
2208	Les Hauts-Geneveys	NE	Neuchâtel
2300	La Chaux-de-Fonds	NE	Neuchâtel
2300	La Cibourg	NE	Neuchâtel
2301	La Chx-de-F. Combe-à-l'Ours	NE	Neuchâtel
2301	La Chaux-de-Fonds	NE	Neuchâtel
2302	La Chaux-de-Fonds	NE	Neuchâtel
2303	La Chaux-de-Fonds	NE	Neuchâtel
2304	La Chaux-de-Fonds	NE	Neuchâtel
2306	La Chaux-de-Fonds	NE	Neuchâtel
2314	La Sagne NE	NE	Neuchâtel
2316	Les Ponts-de-Martel	NE	Neuchâtel
2316	Petit-Martel	NE	Neuchâtel
2318	Brot-Plamboz	NE	Neuchâtel
2322	Le Crêt-du-Locle	NE	Neuchâtel
2325	Les Planchettes	NE	Neuchâtel
2333	La Cibourg	BE	Neuchâtel
2333	La Ferrière	BE	Neuchâtel
2336	Les Bois	JU	Jura
2338	Muriaux	JU	Jura
2338	Les Emibois	JU	Jura
2340	Le Noirmont	JU	Jura
2345	Les Breuleux	JU	Jura
2345	La Chaux-des-Breuleux	JU	Jura
2345	Le Cerneux-Veusil	JU	Jura
2350	Saignelégier	JU	Jura
2353	Les Pommerats	JU	Jura
2354	Goumois	JU	Jura
2360	Le Bémont	JU	Jura
2362	Montfaucon	JU	Jura
2362	Montfavergier	JU	Jura
2363	Les Enfers	JU	Jura
2364	St-Brais	JU	Jura
2400	Le Locle	NE	Neuchâtel
2400	Le Prévoux	NE	Neuchâtel
2405	La Chaux-du-Milieu	NE	Neuchâtel
2406	Les Taillères	NE	Neuchâtel
2406	Le Brouillet	NE	Neuchâtel
2406	La Châtagne	NE	Neuchâtel
2406	La Brévine	NE	Neuchâtel
2414	Le Cerneux-Péquignot	NE	Neuchâtel
2416	Les Brenets	NE	Neuchâtel
2500	Biel/Bienne	BE	Berne
2501	Biel/Bienne	BE	Berne
2502	Biel/Bienne	BE	Berne
2503	Biel/Bienne	BE	Berne
2504	Biel/Bienne	BE	Berne
2505	Biel/Bienne	BE	Berne
2512	Tüscherz-Alfermée	BE	Berne
2513	Twann	BE	Berne
2514	Ligerz	BE	Berne
2515	Prêles	BE	Berne
2516	Lamboing	BE	Berne
2517	Diesse	BE	Berne
2518	Nods	BE	Berne
2520	La Neuveville	BE	Berne
2523	Lignières	NE	Neuchâtel
2525	Le Landeron	NE	Neuchâtel
2532	Macolin	BE	Berne
2533	Evilard	BE	Berne
2534	Orvin	BE	Berne
2534	Les Prés-d'Orvin	BE	Berne
2535	Frinvillier	BE	Berne
2536	Plagne	BE	Berne
2537	Vauffelin	BE	Berne
2538	Romont	BE	Berne
2540	Grenchen	SO	Soleure
2542	Pieterlen	BE	Berne
2543	Lengnau	BE	Berne
2544	Bettlach	SO	Soleure
2545	Selzach	SO	Soleure
2552	Orpund	BE	Berne
2553	Safnern	BE	Berne
2554	Meinisberg	BE	Berne
2555	Brügg	BE	Berne
2556	Schwadernau	BE	Berne
2556	Scheuren	BE	Berne
2557	Studen	BE	Berne
2558	Aegerten	BE	Berne
2560	Nidau	BE	Berne
2562	Port	BE	Berne
2563	Ipsach	BE	Berne
2564	Bellmund	BE	Berne
2565	Jens	BE	Berne
2572	Sutz	BE	Berne
2572	Mörigen	BE	Berne
2575	Hagneck	BE	Berne
2575	Täuffelen	BE	Berne
2575	Gerolfingen	BE	Berne
2576	Lüscherz	BE	Berne
2577	Finsterhennen	BE	Berne
2577	Siselen	BE	Berne
2603	Péry	BE	Berne
2604	La Heutte	BE	Berne
2605	Sonceboz-Sombeval	BE	Berne
2606	Corgémont	BE	Berne
2607	Cortébert	BE	Berne
2608	Courtelary	BE	Berne
2608	Montagne-de-Courtelary	BE	Berne
2610	St-Imier	BE	Berne
2610	Mont-Crosin	BE	Berne
2610	Mont-Soleil	BE	Berne
2610	Les Pontins	BE	Berne
2612	Cormoret	BE	Berne
2613	Villeret	BE	Berne
2615	Montagne-de-Sonvilier	BE	Berne
2615	Sonvilier	BE	Berne
2616	La Cibourg	BE	Berne
2616	Renan	BE	Berne
2710	Tavannes	BE	Berne
2712	Le Fuet	BE	Berne
2713	Bellelay	BE	Berne
2714	Le Prédame	JU	Jura
2714	Les Genevez	JU	Jura
2715	Monible	BE	Berne
2715	Châtelat	BE	Berne
2716	Sornetan	BE	Berne
2717	Fornet-Dessous	BE	Berne
2717	Rebévelier	BE	Berne
2718	Lajoux	JU	Jura
2718	Fornet-Dessus	JU	Jura
2720	La Tanne	BE	Berne
2720	Tramelan	BE	Berne
2722	Les Reussilles	BE	Berne
2723	Mont-Tramelan	BE	Berne
2732	Loveresse	BE	Berne
2732	Saicourt	BE	Berne
2732	Saules	BE	Berne
2732	Reconvilier	BE	Berne
2733	Pontenet	BE	Berne
2735	Bévilard	BE	Berne
2735	Malleray	BE	Berne
2735	Champoz	BE	Berne
2736	Sorvilier	BE	Berne
2738	Court	BE	Berne
2740	Moutier	BE	Berne
2742	Perrefitte	BE	Berne
2743	Eschert	BE	Berne
2744	Belprahon	BE	Berne
2745	Grandval	BE	Berne
2746	Crémines	BE	Berne
2747	Seehof	BE	Berne
2747	Corcelles	BE	Berne
2748	Souboz	BE	Berne
2748	Les Ecorcheresses	BE	Berne
2762	Roches	BE	Berne
2800	Delémont	JU	Jura
2802	Develier	JU	Jura
2803	Bourrignon	JU	Jura
2805	Soyhières	JU	Jura
2806	Mettembert	JU	Jura
2807	Lucelle	JU	Jura
2807	Pleigne	JU	Jura
2812	Movelier	JU	Jura
2813	Ederswiler	JU	Jura
2814	Roggenburg	BL	Bâle-Campagne
2822	Courroux	JU	Jura
2823	Courcelon	JU	Jura
2824	Vicques	JU	Jura
2825	Courchapoix	JU	Jura
2826	Corban	JU	Jura
2827	Schelten	BE	Berne
2827	Mervelier	JU	Jura
2828	Montsevelier	JU	Jura
2829	Vermes	JU	Jura
2830	Vellerat	JU	Jura
2830	Courrendlin	JU	Jura
2832	Rebeuvelier	JU	Jura
2842	Rossemaison	JU	Jura
2843	Châtillon	JU	Jura
2852	Courtételle	JU	Jura
2853	Courfaivre	JU	Jura
2854	Bassecourt	JU	Jura
2855	Glovelier	JU	Jura
2856	Boécourt	JU	Jura
2857	Montavon	JU	Jura
2863	Undervelier	JU	Jura
2864	Soulce	JU	Jura
2873	Saulcy	JU	Jura
2882	St-Ursanne	JU	Jura
2883	Montmelon	JU	Jura
2884	Montenol	JU	Jura
2885	Epauvillers	JU	Jura
2886	Epiquerez	JU	Jura
2887	Soubey	JU	Jura
2888	Seleute	JU	Jura
2889	Ocourt	JU	Jura
2900	Porrentruy	JU	Jura
2902	Fontenais	JU	Jura
2903	Villars-sur-Fontenais	JU	Jura
2904	Bressaucourt	JU	Jura
2905	Courtedoux	JU	Jura
2906	Chevenez	JU	Jura
2907	Rocourt	JU	Jura
2908	Grandfontaine	JU	Jura
2912	Roche-d'Or	JU	Jura
2912	Réclère	JU	Jura
2914	Damvant	JU	Jura
2915	Bure	JU	Jura
2916	Fahy	JU	Jura
2922	Courchavon	JU	Jura
2923	Courtemaîche	JU	Jura
2924	Montignez	JU	Jura
2925	Buix	JU	Jura
2926	Boncourt	JU	Jura
2932	Coeuve	JU	Jura
2933	Damphreux	JU	Jura
2933	Lugnez	JU	Jura
2935	Beurnevésin	JU	Jura
2942	Alle	JU	Jura
2943	Vendlincourt	JU	Jura
2944	Bonfol	JU	Jura
2946	Miécourt	JU	Jura
2947	Charmoille	JU	Jura
2950	Courgenay	JU	Jura
2950	Courtemautruy	JU	Jura
2952	Cornol	JU	Jura
2953	Fregiécourt	JU	Jura
2953	Pleujouse	JU	Jura
2954	Asuel	JU	Jura
3000	Bern	BE	Berne
3001	Bern	BE	Berne
3003	Bern	BE	Berne
3004	Bern	BE	Berne
3005	Bern	BE	Berne
3006	Bern	BE	Berne
3007	Bern	BE	Berne
3008	Bern	BE	Berne
3010	Bern	BE	Berne
3011	Bern	BE	Berne
3012	Bern	BE	Berne
3013	Bern	BE	Berne
3014	Bern	BE	Berne
3015	Bern	BE	Berne
3018	Bern	BE	Berne
3019	Bern	BE	Berne
3020	Bern	BE	Berne
3024	Bern	BE	Berne
3027	Bern	BE	Berne
3030	Bern	BE	Berne
3032	Hinterkappelen	BE	Berne
3033	Wohlen b. Bern	BE	Berne
3034	Murzelen	BE	Berne
3035	Frieswil	BE	Berne
3036	Detligen	BE	Berne
3037	Herrenschwanden	BE	Berne
3038	Kirchlindach	BE	Berne
3040	Bern	BE	Berne
3042	Ortschwaben	BE	Berne
3043	Uettligen	BE	Berne
3044	Innerberg	BE	Berne
3045	Meikirch	BE	Berne
3046	Wahlendorf	BE	Berne
3047	Bremgarten b. Bern	BE	Berne
3048	Worblaufen	BE	Berne
3049	Säriswil	BE	Berne
3052	Zollikofen	BE	Berne
3053	Lätti	BE	Berne
3053	Münchenbuchsee	BE	Berne
3053	Wiggiswil	BE	Berne
3053	Diemerswil	BE	Berne
3053	Deisswil b. Münchenbuchsee	BE	Berne
3054	Schüpfen	BE	Berne
3063	Ittigen	BE	Berne
3065	Bolligen	BE	Berne
3066	Stettlen	BE	Berne
3067	Boll	BE	Berne
3068	Utzigen	BE	Berne
3072	Ostermundigen	BE	Berne
3073	Gümligen	BE	Berne
3074	Muri b. Bern	BE	Berne
3075	Rüfenacht	BE	Berne
3075	Vielbringen b. Worb	BE	Berne
3076	Worb	BE	Berne
3077	Enggistein	BE	Berne
3078	Richigen	BE	Berne
3082	Schlosswil	BE	Berne
3083	Trimstein	BE	Berne
3084	Wabern	BE	Berne
3086	Englisberg	BE	Berne
3086	Zimmerwald	BE	Berne
3087	Niedermuhlern	BE	Berne
3088	Oberbütschel	BE	Berne
3088	Rüeggisberg	BE	Berne
3089	Hinterfultigen	BE	Berne
3095	Spiegel b. Bern	BE	Berne
3096	Oberbalm	BE	Berne
3097	Liebefeld	BE	Berne
3098	Köniz	BE	Berne
3098	Schliern b. Köniz	BE	Berne
3099	Rüti b. Riggisberg	BE	Berne
3110	Münsingen	BE	Berne
3111	Tägertschi	BE	Berne
3112	Allmendingen b. Bern	BE	Berne
3113	Rubigen	BE	Berne
3114	Wichtrach	BE	Berne
3115	Gerzensee	BE	Berne
3116	Mühledorf	BE	Berne
3116	Kirchdorf	BE	Berne
3116	Noflen	BE	Berne
3122	Kehrsatz	BE	Berne
3123	Belp	BE	Berne
3124	Belpberg	BE	Berne
3125	Toffen	BE	Berne
3126	Gelterfingen	BE	Berne
3126	Kaufdorf	BE	Berne
3127	Mühlethurnen	BE	Berne
3127	Lohnstorf	BE	Berne
3128	Rümligen	BE	Berne
3128	Kirchenthurnen	BE	Berne
3132	Riggisberg	BE	Berne
3144	Gasel	BE	Berne
3145	Niederscherli	BE	Berne
3147	Mittelhäusern	BE	Berne
3148	Lanzenhäusern	BE	Berne
3150	Schwarzenburg	BE	Berne
3152	Mamishaus	BE	Berne
3153	Rüschegg Gambach	BE	Berne
3154	Rüschegg Heubach	BE	Berne
3155	Helgisried-Rohrbach	BE	Berne
3156	Riffenmatt	BE	Berne
3157	Milken	BE	Berne
3158	Guggisberg	BE	Berne
3159	Riedstätt	BE	Berne
3172	Niederwangen b. Bern	BE	Berne
3173	Oberwangen b. Bern	BE	Berne
3174	Thörishaus	BE	Berne
3175	Flamatt	FR	Fribourg
3176	Neuenegg	BE	Berne
3177	Laupen	BE	Berne
3178	Bösingen	FR	Fribourg
3179	Kriechenwil	BE	Berne
3182	Ueberstorf	FR	Fribourg
3183	Albligen	BE	Berne
3184	Wünnewil	FR	Fribourg
3185	Schmitten	FR	Fribourg
3186	Düdingen	FR	Fribourg
3202	Frauenkappelen	BE	Berne
3203	Mühleberg	BE	Berne
3204	Rosshäusern	BE	Berne
3205	Gümmenen	BE	Berne
3206	Gammen	BE	Berne
3206	Rizenbach	BE	Berne
3206	Biberen	BE	Berne
3206	Ferenbalm	BE	Berne
3206	Wallenbuch	FR	Fribourg
3207	Wileroltigen	BE	Berne
3207	Golaten	BE	Berne
3208	Gurbrü	BE	Berne
3210	Kerzers	FR	Fribourg
3212	Kleingurmels	FR	Fribourg
3212	Gurmels	FR	Fribourg
3213	Kleinbösingen	FR	Fribourg
3213	Liebistorf	FR	Fribourg
3214	Ulmiz	FR	Fribourg
3215	Lurtigen	FR	Fribourg
3215	Büchslen	FR	Fribourg
3215	Gempenach	FR	Fribourg
3216	Ried b. Kerzers	FR	Fribourg
3216	Agriswil	FR	Fribourg
3225	Müntschemier	BE	Berne
3226	Treiten	BE	Berne
3232	Ins	BE	Berne
3233	Tschugg	BE	Berne
3234	Vinelz	BE	Berne
3235	Erlach	BE	Berne
3236	Gampelen	BE	Berne
3237	Brüttelen	BE	Berne
3238	Gals	BE	Berne
3250	Lyss	BE	Berne
3251	Ruppoldsried	BE	Berne
3251	Wengi b. Büren	BE	Berne
3252	Worben	BE	Berne
3253	Schnottwil	SO	Soleure
3254	Messen	SO	Soleure
3254	Balm b. Messen	SO	Soleure
3255	Rapperswil	BE	Berne
3256	Dieterswil	BE	Berne
3256	Bangerten b. Dieterswil	BE	Berne
3256	Seewil	BE	Berne
3257	Ammerzwil	BE	Berne
3257	Grossaffoltern	BE	Berne
3262	Suberg	BE	Berne
3263	Büetigen	BE	Berne
3264	Diessbach b. Büren	BE	Berne
3266	Wiler b. Seedorf	BE	Berne
3267	Seedorf	BE	Berne
3268	Lobsigen	BE	Berne
3270	Aarberg	BE	Berne
3271	Radelfingen b. Aarberg	BE	Berne
3272	Walperswil	BE	Berne
3272	Epsach	BE	Berne
3273	Kappelen	BE	Berne
3274	Merzligen	BE	Berne
3274	Hermrigen	BE	Berne
3274	Bühl b. Aarberg	BE	Berne
3280	Greng	FR	Fribourg
3280	Murten	FR	Fribourg
3280	Meyriez	FR	Fribourg
3282	Bargen	BE	Berne
3283	Kallnach	BE	Berne
3283	Niederried b. Kallnach	BE	Berne
3284	Fräschels	FR	Fribourg
3285	Galmiz	FR	Fribourg
3286	Muntelier	FR	Fribourg
3292	Busswil	BE	Berne
3293	Dotzigen	BE	Berne
3294	Meienried	BE	Berne
3294	Büren an der Aare	BE	Berne
3295	Rüti b. Büren	BE	Berne
3296	Arch	BE	Berne
3297	Leuzigen	BE	Berne
3298	Oberwil b. Büren	BE	Berne
3302	Moosseedorf	BE	Berne
3303	Ballmoos	BE	Berne
3303	Münchringen	BE	Berne
3303	Jegenstorf	BE	Berne
3303	Zuzwil	BE	Berne
3305	Iffwil	BE	Berne
3305	Scheunen	BE	Berne
3306	Etzelkofen	BE	Berne
3307	Brunnenthal	SO	Soleure
3308	Grafenried	BE	Berne
3309	Kernenried	BE	Berne
3309	Zauggenried	BE	Berne
3312	Fraubrunnen	BE	Berne
3313	Büren zum Hof	BE	Berne
3314	Schalunen	BE	Berne
3315	Kräiligen	BE	Berne
3315	Bätterkinden	BE	Berne
3317	Mülchi	BE	Berne
3317	Limpach	BE	Berne
3321	Schönbühl Einkaufszentrum	BE	Berne
3322	Mattstetten	BE	Berne
3322	Urtenen-Schönbühl	BE	Berne
3323	Bäriswil	BE	Berne
3324	Mötschwil	BE	Berne
3324	Hindelbank	BE	Berne
3325	Hettiswil b. Hindelbank	BE	Berne
3326	Krauchthal	BE	Berne
3360	Herzogenbuchsee	BE	Berne
3362	Niederönz	BE	Berne
3363	Oberönz	BE	Berne
3365	Seeberg	BE	Berne
3365	Grasswil	BE	Berne
3366	Bettenhausen	BE	Berne
3366	Bollodingen	BE	Berne
3367	Thörigen	BE	Berne
3367	Ochlenberg	BE	Berne
3368	Bleienbach	BE	Berne
3372	Wanzwil	BE	Berne
3373	Röthenbach Herzogenbuchsee	BE	Berne
3373	Heimenhausen	BE	Berne
3374	Wangenried	BE	Berne
3375	Inkwil	BE	Berne
3376	Berken	BE	Berne
3376	Graben	BE	Berne
3377	Walliswil b. Wangen	BE	Berne
3380	Wangen an der Aare	BE	Berne
3380	Walliswil b. Niederbipp	BE	Berne
3400	Burgdorf	BE	Berne
3401	Burgdorf	BE	Berne
3402	Burgdorf	BE	Berne
3412	Heimiswil	BE	Berne
3413	Kaltacker	BE	Berne
3414	Oberburg	BE	Berne
3415	Rüegsauschachen	BE	Berne
3415	Schafhausen im Emmental	BE	Berne
3415	Hasle b. Burgdorf	BE	Berne
3416	Affoltern im Emmental	BE	Berne
3417	Rüegsau	BE	Berne
3418	Rüegsbach	BE	Berne
3419	Biembach im Emmental	BE	Berne
3421	Rüti b. Lyssach	BE	Berne
3421	Lyssach	BE	Berne
3422	Alchenflüh	BE	Berne
3422	Kirchberg	BE	Berne
3422	Rüdtligen	BE	Berne
3423	Ersigen	BE	Berne
3424	Niederösch	BE	Berne
3424	Oberösch	BE	Berne
3425	Koppigen	BE	Berne
3425	Willadingen	BE	Berne
3426	Aefligen	BE	Berne
3427	Utzenstorf	BE	Berne
3428	Wiler b. Utzenstorf	BE	Berne
3429	Höchstetten	BE	Berne
3429	Hellsau	BE	Berne
3432	Lützelflüh-Goldbach	BE	Berne
3433	Schwanden im Emmental	BE	Berne
3434	Obergoldbach	BE	Berne
3434	Landiswil	BE	Berne
3435	Ramsei	BE	Berne
3436	Zollbrück	BE	Berne
3437	Rüderswil	BE	Berne
3438	Lauperswil	BE	Berne
3439	Ranflüh	BE	Berne
3452	Grünenmatt	BE	Berne
3453	Heimisbach	BE	Berne
3454	Sumiswald	BE	Berne
3455	Grünen	BE	Berne
3456	Trachselwald	BE	Berne
3457	Wasen im Emmental	BE	Berne
3462	Weier im Emmental	BE	Berne
3463	Häusernmoos im Emmental	BE	Berne
3464	Schmidigen-Mühleweg	BE	Berne
3465	Dürrenroth	BE	Berne
3472	Rumendingen	BE	Berne
3472	Wynigen	BE	Berne
3473	Alchenstorf	BE	Berne
3474	Rüedisbach	BE	Berne
3475	Riedtwil	BE	Berne
3475	Hermiswil	BE	Berne
3476	Oschwand	BE	Berne
3503	Gysenstein	BE	Berne
3504	Oberhünigen	BE	Berne
3504	Niederhünigen	BE	Berne
3506	Grosshöchstetten	BE	Berne
3507	Biglen	BE	Berne
3508	Arni	BE	Berne
3510	Häutligen	BE	Berne
3510	Konolfingen	BE	Berne
3510	Freimettigen	BE	Berne
3512	Walkringen	BE	Berne
3513	Bigenthal	BE	Berne
3531	Oberthal	BE	Berne
3532	Zäziwil	BE	Berne
3532	Mirchel	BE	Berne
3533	Bowil	BE	Berne
3534	Signau	BE	Berne
3535	Schüpbach	BE	Berne
3536	Aeschau	BE	Berne
3537	Eggiwil	BE	Berne
3538	Röthenbach im Emmental	BE	Berne
3543	Emmenmatt	BE	Berne
3550	Langnau im Emmental	BE	Berne
3551	Oberfrittenbach	BE	Berne
3552	Bärau	BE	Berne
3553	Gohl	BE	Berne
3555	Trubschachen	BE	Berne
3556	Trub	BE	Berne
3557	Fankhaus (Trub)	BE	Berne
3600	Thun	BE	Berne
3601	Thun	BE	Berne
3602	Thun	BE	Berne
3603	Thun	BE	Berne
3604	Thun	BE	Berne
3605	Thun	BE	Berne
3607	Thun	BE	Berne
3608	Thun	BE	Berne
3609	Thun	BE	Berne
3612	Steffisburg	BE	Berne
3613	Steffisburg	BE	Berne
3614	Unterlangenegg	BE	Berne
3615	Heimenschwand	BE	Berne
3616	Schwarzenegg	BE	Berne
3617	Fahrni b. Thun	BE	Berne
3618	Süderen	BE	Berne
3619	Eriz	BE	Berne
3619	Innereriz	BE	Berne
3622	Homberg b. Thun	BE	Berne
3623	Teuffenthal b. Thun	BE	Berne
3623	Horrenbach	BE	Berne
3623	Buchen	BE	Berne
3624	Goldiwil (Thun)	BE	Berne
3624	Schwendibach	BE	Berne
3625	Heiligenschwendi	BE	Berne
3626	Hünibach	BE	Berne
3627	Heimberg	BE	Berne
3628	Kienersrüti	BE	Berne
3628	Uttigen	BE	Berne
3629	Oppligen	BE	Berne
3629	Kiesen	BE	Berne
3629	Jaberg	BE	Berne
3631	Höfen b. Thun	BE	Berne
3632	Oberstocken	BE	Berne
3632	Niederstocken	BE	Berne
3633	Amsoldingen	BE	Berne
3634	Thierachern	BE	Berne
3635	Uebeschi	BE	Berne
3636	Forst b. Längenbühl	BE	Berne
3636	Längenbühl	BE	Berne
3638	Blumenstein	BE	Berne
3638	Pohlern	BE	Berne
3645	Gwatt (Thun)	BE	Berne
3645	Zwieselberg	BE	Berne
3646	Einigen	BE	Berne
3647	Reutigen	BE	Berne
3652	Hilterfingen	BE	Berne
3653	Oberhofen am Thunersee	BE	Berne
3654	Gunten	BE	Berne
3655	Sigriswil	BE	Berne
3656	Tschingel ob Gunten	BE	Berne
3656	Ringoldswil	BE	Berne
3656	Aeschlen ob Gunten	BE	Berne
3657	Schwanden (Sigriswil)	BE	Berne
3658	Merligen	BE	Berne
3661	Uetendorf	BE	Berne
3662	Seftigen	BE	Berne
3663	Gurzelen	BE	Berne
3664	Burgistein	BE	Berne
3665	Wattenwil	BE	Berne
3671	Brenzikofen	BE	Berne
3671	Herbligen	BE	Berne
3672	Oberdiessbach	BE	Berne
3672	Aeschlen b. Oberdiessbach	BE	Berne
3673	Linden	BE	Berne
3674	Bleiken b. Oberdiessbach	BE	Berne
3700	Spiez	BE	Berne
3702	Hondrich	BE	Berne
3703	Aeschi b. Spiez	BE	Berne
3703	Aeschiried	BE	Berne
3704	Krattigen	BE	Berne
3705	Faulensee	BE	Berne
3706	Leissigen	BE	Berne
3707	Därligen	BE	Berne
3711	Mülenen	BE	Berne
3711	Emdthal	BE	Berne
3713	Reichenbach im Kandertal	BE	Berne
3714	Frutigen	BE	Berne
3714	Wengi b. Frutigen	BE	Berne
3715	Adelboden	BE	Berne
3716	Kandergrund	BE	Berne
3717	Blausee-Mitholz	BE	Berne
3718	Kandersteg	BE	Berne
3722	Scharnachtal	BE	Berne
3723	Kiental	BE	Berne
3724	Ried (Frutigen)	BE	Berne
3725	Achseten	BE	Berne
3752	Wimmis	BE	Berne
3753	Oey	BE	Berne
3754	Diemtigen	BE	Berne
3755	Horboden	BE	Berne
3756	Zwischenflüh	BE	Berne
3757	Schwenden im Diemtigtal	BE	Berne
3758	Latterbach	BE	Berne
3762	Erlenbach im Simmental	BE	Berne
3763	Därstetten	BE	Berne
3764	Weissenburg	BE	Berne
3765	Oberwil im Simmental	BE	Berne
3766	Boltigen	BE	Berne
3770	Zweisimmen	BE	Berne
3771	Blankenburg	BE	Berne
3772	St. Stephan	BE	Berne
3773	Matten (St. Stephan)	BE	Berne
3775	Lenk im Simmental	BE	Berne
3776	Oeschseite	BE	Berne
3777	Saanenmöser	BE	Berne
3778	Schönried	BE	Berne
3780	Gstaad	BE	Berne
3781	Turbach	BE	Berne
3782	Lauenen b. Gstaad	BE	Berne
3783	Grund b. Gstaad	BE	Berne
3784	Feutersoey	BE	Berne
3785	Gsteig b. Gstaad	BE	Berne
3792	Saanen	BE	Berne
3800	Sundlauenen	BE	Berne
3800	Matten b. Interlaken	BE	Berne
3800	Interlaken	BE	Berne
3800	Unterseen	BE	Berne
3801	Jungfraujoch	VS	Valais
3803	Beatenberg	BE	Berne
3804	Habkern	BE	Berne
3805	Goldswil b. Interlaken	BE	Berne
3806	Bönigen b. Interlaken	BE	Berne
3807	Iseltwald	BE	Berne
3812	Wilderswil	BE	Berne
3813	Saxeten	BE	Berne
3814	Gsteigwiler	BE	Berne
3815	Gündlischwand	BE	Berne
3815	Zweilütschinen	BE	Berne
3816	Lütschental	BE	Berne
3816	Burglauenen	BE	Berne
3818	Grindelwald	BE	Berne
3822	Lauterbrunnen	BE	Berne
3822	Isenfluh	BE	Berne
3823	Eigergletscher	BE	Berne
3823	Kleine Scheidegg	BE	Berne
3823	Wengen	BE	Berne
3824	Stechelberg	BE	Berne
3825	Mürren	BE	Berne
3826	Gimmelwald	BE	Berne
3852	Ringgenberg	BE	Berne
3853	Niederried b. Interlaken	BE	Berne
3854	Oberried am Brienzersee	BE	Berne
3855	Axalp	BE	Berne
3855	Brienz	BE	Berne
3855	Schwanden b. Brienz	BE	Berne
3856	Brienzwiler	BE	Berne
3857	Unterbach	BE	Berne
3858	Hofstetten b. Brienz	BE	Berne
3860	Meiringen	BE	Berne
3860	Schattenhalb	BE	Berne
3860	Brünig	BE	Berne
3860	Rosenlaui	BE	Berne
3862	Innertkirchen	BE	Berne
3863	Gadmen	BE	Berne
3864	Guttannen	BE	Berne
3900	Brig	VS	Valais
3900	Brigerbad	VS	Valais
3900	Gamsen	VS	Valais
3901	Rothwald	VS	Valais
3902	Glis	VS	Valais
3903	Mund	VS	Valais
3903	Birgisch	VS	Valais
3904	Naters	VS	Valais
3905	Saas-Almagell	VS	Valais
3906	Saas-Fee	VS	Valais
3907	Simplon Hospiz	VS	Valais
3907	Simplon Dorf	VS	Valais
3907	Gondo	VS	Valais
3907	Gabi (Simplon)	VS	Valais
3908	Saas-Balen	VS	Valais
3910	Saas-Grund	VS	Valais
3911	Ried-Brig	VS	Valais
3912	Termen	VS	Valais
3913	Rosswald	VS	Valais
3914	Blatten b. Naters	VS	Valais
3914	Belalp	VS	Valais
3916	Ferden	VS	Valais
3917	Goppenstein	VS	Valais
3917	Kippel	VS	Valais
3918	Wiler (Lötschen)	VS	Valais
3919	Blatten (Lötschen)	VS	Valais
3920	Zermatt	VS	Valais
3922	Eisten	VS	Valais
3922	Stalden	VS	Valais
3922	Kalpetran	VS	Valais
3923	Törbel	VS	Valais
3924	St. Niklaus	VS	Valais
3924	Gasenried	VS	Valais
3925	Grächen	VS	Valais
3926	Embd	VS	Valais
3927	Herbriggen	VS	Valais
3928	Randa	VS	Valais
3929	Täsch	VS	Valais
3930	Visp	VS	Valais
3930	Eyholz	VS	Valais
3931	Lalden	VS	Valais
3932	Visperterminen	VS	Valais
3933	Staldenried	VS	Valais
3934	Zeneggen	VS	Valais
3935	Bürchen	VS	Valais
3937	Baltschieder	VS	Valais
3938	Ausserberg	VS	Valais
3939	Eggerberg	VS	Valais
3940	Steg	VS	Valais
3942	Raron	VS	Valais
3942	St. German	VS	Valais
3942	Niedergesteln	VS	Valais
3943	Eischoll	VS	Valais
3944	Unterbäch	VS	Valais
3945	Gampel	VS	Valais
3945	Niedergampel	VS	Valais
3946	Turtmann	VS	Valais
3946	Gruben	VS	Valais
3947	Ergisch	VS	Valais
3948	Unterems	VS	Valais
3948	Oberems	VS	Valais
3949	Hohtenn	VS	Valais
3951	Agarn	VS	Valais
3952	Susten	VS	Valais
3953	Varen	VS	Valais
3953	Inden	VS	Valais
3953	Leuk Stadt	VS	Valais
3954	Leukerbad	VS	Valais
3955	Albinen	VS	Valais
3956	Guttet-Feschel	VS	Valais
3957	Erschmatt	VS	Valais
3957	Bratsch	VS	Valais
3960	Muraz (Sierre)	VS	Valais
3960	Sierre	VS	Valais
3960	Loc	VS	Valais
3960	Niouc	VS	Valais
3960	Corin-de-la-Crête	VS	Valais
3961	Zinal	VS	Valais
3961	St-Jean	VS	Valais
3961	St-Luc	VS	Valais
3961	Chandolin	VS	Valais
3961	Vissoie	VS	Valais
3961	Grimentz	VS	Valais
3961	Ayer	VS	Valais
3963	Montana	VS	Valais
3963	Aminona	VS	Valais
3963	Crans-Montana	VS	Valais
3965	Chippis	VS	Valais
3966	Chalais	VS	Valais
3966	Réchy	VS	Valais
3967	Vercorin	VS	Valais
3968	Veyras	VS	Valais
3970	Salgesch	VS	Valais
3971	Chermignon	VS	Valais
3971	Chermignon-d'en-Bas	VS	Valais
3971	Ollon	VS	Valais
3972	Miège	VS	Valais
3973	Venthône	VS	Valais
3974	Mollens	VS	Valais
3975	Randogne	VS	Valais
3976	Champzabé	VS	Valais
3976	Noës	VS	Valais
3977	Granges	VS	Valais
3978	Flanthey	VS	Valais
3979	Grône	VS	Valais
3982	Bitsch	VS	Valais
3983	Greich	VS	Valais
3983	Mörel	VS	Valais
3983	Bister	VS	Valais
3983	Filet	VS	Valais
3983	Goppisberg	VS	Valais
3984	Fieschertal	VS	Valais
3984	Fiesch	VS	Valais
3985	Münster	VS	Valais
3985	Geschinen	VS	Valais
3986	Ried-Mörel	VS	Valais
3987	Riederalp	VS	Valais
3988	Ulrichen	VS	Valais
3988	Obergesteln	VS	Valais
3989	Blitzingen	VS	Valais
3989	Selkingen	VS	Valais
3989	Ritzingen	VS	Valais
3989	Biel	VS	Valais
3989	Niederwald	VS	Valais
3991	Betten	VS	Valais
3992	Bettmeralp	VS	Valais
3993	Grengiols	VS	Valais
3994	Lax	VS	Valais
3994	Martisberg	VS	Valais
3995	Ernen	VS	Valais
3995	Mühlebach (Goms)	VS	Valais
3995	Steinhaus	VS	Valais
3995	Ausserbinn	VS	Valais
3996	Binn	VS	Valais
3997	Bellwald	VS	Valais
3998	Reckingen	VS	Valais
3998	Gluringen	VS	Valais
3999	Oberwald	VS	Valais
4000	Basel	BS	Bâle-Ville
4001	Basel	BS	Bâle-Ville
4002	Basel	BS	Bâle-Ville
4003	Basel	BS	Bâle-Ville
4004	Basel	BS	Bâle-Ville
4005	Basel	BS	Bâle-Ville
4007	Basel	BS	Bâle-Ville
4008	Basel	BS	Bâle-Ville
4009	Basel	BS	Bâle-Ville
4010	Basel	BS	Bâle-Ville
4011	Basel	BS	Bâle-Ville
4012	Basel	BS	Bâle-Ville
4013	Basel	BS	Bâle-Ville
4015	Basel	BS	Bâle-Ville
4016	Basel	BS	Bâle-Ville
4017	Basel	BS	Bâle-Ville
4018	Basel	BS	Bâle-Ville
4019	Basel	BS	Bâle-Ville
4020	Basel	BS	Bâle-Ville
4023	Basel	BL	Bâle-Campagne
4024	Basel	BS	Bâle-Ville
4025	Basel	BS	Bâle-Ville
4030	Basel	BS	Bâle-Ville
4032	Basel	BS	Bâle-Ville
4039	Basel	BS	Bâle-Ville
4040	Basel	BL	Bâle-Campagne
4051	Basel	BS	Bâle-Ville
4052	Basel	BS	Bâle-Ville
4052	Basel	BS	Bâle-Ville
4053	Basel	BS	Bâle-Ville
4054	Basel	BS	Bâle-Ville
4055	Basel	BS	Bâle-Ville
4056	Basel	BS	Bâle-Ville
4057	Basel	BS	Bâle-Ville
4058	Basel	BS	Bâle-Ville
4059	Basel	BS	Bâle-Ville
4070	Basel	BS	Bâle-Ville
4075	Basel	BS	Bâle-Ville
4080	Basel	BS	Bâle-Ville
4083	Basel	BS	Bâle-Ville
4084	Basel	BS	Bâle-Ville
4085	Basel	BS	Bâle-Ville
4086	Basel	BS	Bâle-Ville
4087	Basel	BS	Bâle-Ville
4088	Basel	BS	Bâle-Ville
4091	Basel	BS	Bâle-Ville
4101	Bruderholz	BL	Bâle-Campagne
4102	Binningen	BL	Bâle-Campagne
4103	Bottmingen	BL	Bâle-Campagne
4104	Oberwil	BL	Bâle-Campagne
4105	Biel-Benken	BL	Bâle-Campagne
4106	Therwil	BL	Bâle-Campagne
4107	Ettingen	BL	Bâle-Campagne
4108	Witterswil	SO	Soleure
4112	Flüh	SO	Soleure
4112	Bättwil	SO	Soleure
4114	Hofstetten	SO	Soleure
4115	Mariastein	SO	Soleure
4116	Metzerlen	SO	Soleure
4117	Burg im Leimental	BL	Bâle-Campagne
4118	Rodersdorf	SO	Soleure
4123	Allschwil	BL	Bâle-Campagne
4124	Schönenbuch	BL	Bâle-Campagne
4125	Riehen	BS	Bâle-Ville
4126	Bettingen	BS	Bâle-Ville
4127	Birsfelden	BL	Bâle-Campagne
4132	Muttenz	BL	Bâle-Campagne
4133	Pratteln	BL	Bâle-Campagne
4142	Münchenstein	BL	Bâle-Campagne
4143	Dornach	SO	Soleure
4144	Arlesheim	BL	Bâle-Campagne
4145	Gempen	SO	Soleure
4146	Hochwald	SO	Soleure
4147	Aesch	BL	Bâle-Campagne
4148	Pfeffingen	BL	Bâle-Campagne
4153	Reinach	BL	Bâle-Campagne
4202	Duggingen	BL	Bâle-Campagne
4203	Grellingen	BL	Bâle-Campagne
4204	Himmelried	SO	Soleure
4206	Seewen	SO	Soleure
4207	Bretzwil	BL	Bâle-Campagne
4208	Nunningen	SO	Soleure
4222	Zwingen	BL	Bâle-Campagne
4223	Blauen	BL	Bâle-Campagne
4224	Nenzlingen	BL	Bâle-Campagne
4225	Brislach	BL	Bâle-Campagne
4226	Breitenbach	SO	Soleure
4227	Büsserach	SO	Soleure
4228	Erschwil	SO	Soleure
4229	Beinwil	SO	Soleure
4232	Fehren	SO	Soleure
4233	Meltingen	SO	Soleure
4234	Zullwil	SO	Soleure
4242	Laufen	BL	Bâle-Campagne
4243	Dittingen	BL	Bâle-Campagne
4244	Röschenz	BL	Bâle-Campagne
4245	Kleinlützel	SO	Soleure
4246	Wahlen b. Laufen	BL	Bâle-Campagne
4247	Grindel	SO	Soleure
4252	Bärschwil	SO	Soleure
4253	Liesberg	BL	Bâle-Campagne
4254	Liesberg Dorf	BL	Bâle-Campagne
4302	Augst	BL	Bâle-Campagne
4303	Kaiseraugst	AG	Argovie
4304	Giebenach	BL	Bâle-Campagne
4305	Olsberg	AG	Argovie
4310	Rheinfelden	AG	Argovie
4312	Magden	AG	Argovie
4313	Möhlin	AG	Argovie
4314	Zeiningen	AG	Argovie
4315	Zuzgen	AG	Argovie
4316	Hellikon	AG	Argovie
